timestamp;P_ex;P_pr;P_load
2024-05-26T10:54:58Z;;3014;3168
2024-05-26T10:55:01Z;;2987;3141
2024-05-26T10:55:05Z;;3012;3166
2024-05-26T10:55:06Z;;2985;3139
2024-05-26T10:55:08Z;;2985;3139
2024-05-26T10:55:11Z;;3010;3164
2024-05-26T10:55:14Z;;2987;3141
2024-05-26T10:55:37Z;;3013;3167
2024-05-26T10:55:38Z;;3022;3176
2024-05-26T10:55:40Z;;2991;3145
2024-05-26T10:55:43Z;;3017;3171
2024-05-26T10:55:46Z;;2995;3149
2024-05-26T10:55:50Z;;3007;3161
2024-05-26T10:55:53Z;;2997;3151
2024-05-26T10:55:56Z;;2988;3142
2024-05-26T10:55:58Z;;3013;3167
2024-05-26T10:55:59Z;;2996;3150
2024-05-26T10:56:02Z;;3023;3177
2024-05-26T10:56:05Z;;2995;3149
2024-05-26T10:56:06Z;;2989;3143
2024-05-26T10:56:08Z;;3017;3171
2024-05-26T10:56:11Z;;2995;3149
2024-05-26T10:56:14Z;;3021;3175
2024-05-26T10:56:16Z;;2987;3141
2024-05-26T10:56:17Z;;2997;3151
2024-05-26T10:56:18Z;;3008;3162
2024-05-26T10:56:20Z;;3023;3177
2024-05-26T10:56:23Z;;3036;3190
2024-05-26T10:56:26Z;-2919;;117
2024-05-26T10:56:28Z;;3007;88
2024-05-26T10:56:29Z;;2995;76
2024-05-26T10:56:32Z;;3027;108
2024-05-26T10:56:35Z;;2995;76
2024-05-26T10:56:36Z;;2987;68
2024-05-26T10:56:38Z;;2979;60
2024-05-26T10:56:41Z;;2993;74
2024-05-26T10:56:44Z;;3055;136
2024-05-26T10:56:47Z;;2995;76
2024-05-26T10:56:49Z;;3013;94
2024-05-26T10:56:50Z;;3038;119
2024-05-26T10:56:52Z;;3011;92
2024-05-26T10:56:53Z;;3047;128
2024-05-26T10:56:56Z;-2908;;139
2024-05-26T10:56:59Z;;2999;91
2024-05-26T10:57:01Z;;2989;81
2024-05-26T10:57:02Z;;3038;130
2024-05-26T10:57:05Z;;3019;111
2024-05-26T10:57:08Z;;3011;103
2024-05-26T10:57:10Z;;2987;79
2024-05-26T10:57:11Z;;2997;89
2024-05-26T10:57:12Z;;3013;105
2024-05-26T10:57:14Z;;3026;118
2024-05-26T10:57:17Z;;2999;91
2024-05-26T10:57:20Z;;3027;119
2024-05-26T10:57:22Z;;3015;107
2024-05-26T10:57:23Z;;2994;86
2024-05-26T10:57:26Z;;3024;116
2024-05-26T10:57:29Z;;3055;147
2024-05-26T10:57:30Z;;2994;86
2024-05-26T10:57:32Z;-2811;3026;183
2024-05-26T10:57:35Z;-2847;;179
2024-05-26T10:57:38Z;-2822;;204
2024-05-26T10:57:40Z;;2995;173
2024-05-26T10:57:41Z;-2653;;342
2024-05-26T10:57:42Z;;3022;369
2024-05-26T10:57:44Z;-2845;;177
2024-05-26T10:57:47Z;;2995;150
2024-05-26T10:57:50Z;;3019;174
2024-05-26T10:57:51Z;;2997;152
2024-05-26T10:57:53Z;;2995;150
2024-05-26T10:57:56Z;;3013;168
2024-05-26T10:57:59Z;;2996;151
2024-05-26T10:58:00Z;;2999;154
2024-05-26T10:58:02Z;;3019;174
2024-05-26T10:58:05Z;;2998;153
2024-05-26T10:58:08Z;;2995;150
2024-05-26T10:58:11Z;;3018;173
2024-05-26T10:58:14Z;;2996;151
2024-05-26T10:58:17Z;;3014;169
2024-05-26T10:58:20Z;;2988;143
2024-05-26T10:58:21Z;;2999;154
2024-05-26T10:58:23Z;;3011;166
2024-05-26T10:58:26Z;;3004;159
2024-05-26T10:58:29Z;;3015;170
2024-05-26T10:58:30Z;;2997;152
2024-05-26T10:58:32Z;;2998;153
2024-05-26T10:58:35Z;;3017;172
2024-05-26T10:58:38Z;;2992;147
2024-05-26T10:58:40Z;;2997;152
2024-05-26T10:58:42Z;;3020;175
2024-05-26T10:58:50Z;;3001;156
2024-05-26T10:58:52Z;;3020;175
2024-05-26T10:59:21Z;;2999;154
2024-05-26T10:59:23Z;;3026;181
2024-05-26T11:00:03Z;;3028;183
2024-05-26T11:00:10Z;-2913;;115
2024-05-26T11:07:11Z;;3009;96
2024-05-26T11:07:14Z;;3015;102
2024-05-26T11:08:06Z;;2981;68
2024-05-26T11:08:08Z;;3013;100
2024-05-26T11:08:26Z;;2994;81
2024-05-26T11:08:28Z;;3017;104
2024-05-26T11:08:50Z;;3001;88
2024-05-26T11:08:52Z;;3022;109
2024-05-26T11:09:03Z;;2999;86
2024-05-26T11:09:05Z;;3024;111
2024-05-26T11:09:12Z;;2997;84
2024-05-26T11:09:14Z;;2997;84
2024-05-26T11:09:22Z;;2996;83
2024-05-26T11:09:24Z;;3020;107
2024-05-26T11:09:32Z;;2995;82
2024-05-26T11:09:34Z;;3019;106
2024-05-26T11:09:43Z;;2991;78
2024-05-26T11:09:44Z;;3019;106
2024-05-26T11:09:52Z;;2992;79
2024-05-26T11:09:54Z;;3017;104
2024-05-26T11:10:40Z;;2989;76
2024-05-26T11:10:42Z;;3012;99
2024-05-26T11:10:48Z;;2988;75
2024-05-26T11:10:50Z;;3015;102
2024-05-26T11:10:59Z;;2985;72
2024-05-26T11:11:00Z;;3007;94
2024-05-26T11:11:08Z;;2984;71
2024-05-26T11:11:10Z;;3007;94
2024-05-26T11:11:18Z;;2982;69
2024-05-26T11:11:20Z;;3004;91
2024-05-26T11:11:28Z;;2983;70
2024-05-26T11:11:30Z;;3007;94
2024-05-26T11:11:38Z;;2984;71
2024-05-26T11:11:40Z;;3010;97
2024-05-26T11:11:48Z;;2988;75
2024-05-26T11:11:50Z;;3017;104
2024-05-26T11:12:54Z;;2999;86
2024-05-26T11:12:56Z;;3020;107
2024-05-26T11:13:04Z;;2998;85
2024-05-26T11:13:06Z;;3016;103
2024-05-26T11:14:32Z;;2988;75
2024-05-26T11:14:34Z;;3011;98
2024-05-26T11:14:48Z;;2994;81
2024-05-26T11:14:50Z;;3020;107
2024-05-26T11:14:56Z;;2999;86
2024-05-26T11:14:58Z;;3019;106
2024-05-26T11:15:03Z;;3019;106
2024-05-26T11:15:06Z;;2998;85
2024-05-26T11:15:08Z;-2924;3020;74
2024-05-26T11:15:16Z;;2993;69
2024-05-26T11:15:18Z;;3015;91
2024-05-26T11:15:26Z;;2990;66
2024-05-26T11:15:28Z;;3014;90
2024-05-26T11:15:36Z;;2989;65
2024-05-26T11:15:38Z;;3016;92
2024-05-26T11:15:46Z;;2991;67
2024-05-26T11:15:48Z;;3014;90
2024-05-26T11:15:56Z;;2992;68
2024-05-26T11:15:58Z;;3012;88
2024-05-26T11:16:10Z;;2990;66
2024-05-26T11:16:12Z;;3014;90
2024-05-26T11:16:38Z;;2995;71
2024-05-26T11:16:40Z;;3019;95
2024-05-26T11:16:46Z;;2992;68
2024-05-26T11:16:48Z;;3015;91
2024-05-26T11:16:57Z;;2992;68
2024-05-26T11:16:58Z;;3014;90
2024-05-26T11:17:38Z;;2986;62
2024-05-26T11:17:40Z;;3011;87
2024-05-26T11:17:46Z;;2985;61
2024-05-26T11:17:48Z;;3006;82
2024-05-26T11:17:50Z;;2998;74
2024-05-26T11:17:52Z;;3000;76
2024-05-26T11:17:56Z;;2984;60
2024-05-26T11:17:58Z;;3007;83
2024-05-26T11:18:14Z;;2976;52
2024-05-26T11:18:16Z;;3001;77
2024-05-26T11:18:28Z;;2999;75
2024-05-26T11:18:30Z;;3015;91
2024-05-26T11:18:39Z;;2999;75
2024-05-26T11:18:40Z;;3014;90
2024-05-26T11:18:48Z;;2993;69
2024-05-26T11:18:50Z;;3011;87
2024-05-26T11:18:58Z;;2993;69
2024-05-26T11:19:00Z;;3010;86
2024-05-26T11:19:08Z;;2992;68
2024-05-26T11:19:10Z;;3009;85
2024-05-26T11:19:17Z;;3004;80
2024-05-26T11:19:20Z;;3003;79
2024-05-26T11:19:28Z;;2986;62
2024-05-26T11:19:30Z;;3001;77
2024-05-26T11:19:37Z;;2998;74
2024-05-26T11:19:40Z;;3000;76
2024-05-26T11:19:42Z;;2996;72
2024-05-26T11:19:44Z;;3009;85
2024-05-26T11:19:46Z;;2997;73
2024-05-26T11:19:55Z;;3005;81
2024-05-26T11:19:56Z;;2997;73
2024-05-26T11:20:00Z;;3001;77
2024-05-26T11:20:06Z;;2998;74
2024-05-26T11:21:06Z;;3002;78
2024-05-26T11:21:08Z;;2991;67
2024-05-26T11:21:16Z;;3001;77
2024-05-26T11:21:18Z;;2990;66
2024-05-26T11:28:56Z;;3002;78
2024-05-26T11:28:58Z;;2988;64
2024-05-26T11:29:06Z;;3001;77
2024-05-26T11:29:08Z;;2987;63
2024-05-26T11:29:16Z;;3001;77
2024-05-26T11:29:18Z;;2986;62
2024-05-26T11:30:03Z;;2977;53
2024-05-26T11:30:08Z;-2875;;102
2024-05-26T11:45:03Z;;2939;64
2024-05-26T11:45:08Z;-2835;;104
2024-05-26T11:48:35Z;-2612;;327
2024-05-26T11:48:40Z;-2715;;224
2024-05-26T11:48:43Z;-2698;;241
2024-05-26T11:48:44Z;-2708;;231
2024-05-26T11:48:45Z;-2707;;232
2024-05-26T11:50:06Z;-2701;;238
2024-05-26T11:50:08Z;-2687;;252
2024-05-26T11:50:10Z;-2701;;238
2024-05-26T11:50:12Z;-2687;;252
2024-05-26T11:50:20Z;-2699;;240
2024-05-26T11:50:22Z;-2686;;253
2024-05-26T11:50:31Z;-2700;;239
2024-05-26T11:50:32Z;-2685;;254
2024-05-26T11:51:03Z;-2686;;253
2024-05-26T11:51:06Z;-2685;;254
2024-05-26T11:51:09Z;-2700;;239
2024-05-26T11:51:10Z;-2698;;241
2024-05-26T11:51:40Z;-2700;;239
2024-05-26T11:51:41Z;-2699;;240
2024-05-26T11:51:52Z;-2700;;239
2024-05-26T11:51:53Z;-2695;;244
2024-05-26T12:00:03Z;;2875;180
2024-05-26T12:00:08Z;-2631;;244
2024-05-26T12:05:47Z;-2764;;111
2024-05-26T12:10:16Z;-2699;;176
2024-05-26T12:10:18Z;-2719;;156
2024-05-26T12:10:26Z;-2698;;177
2024-05-26T12:10:28Z;-2719;;156
2024-05-26T12:10:37Z;-2698;;177
2024-05-26T12:10:48Z;-2696;;179
2024-05-26T12:10:49Z;-2717;;158
2024-05-26T12:10:56Z;-2696;;179
2024-05-26T12:10:58Z;-2717;;158
2024-05-26T12:11:38Z;-2693;;182
2024-05-26T12:11:39Z;-2692;;183
2024-05-26T12:12:02Z;-2692;;183
2024-05-26T12:12:03Z;-2716;;159
2024-05-26T12:12:12Z;-2693;;182
2024-05-26T12:12:14Z;-2712;;163
2024-05-26T12:12:36Z;-2690;;185
2024-05-26T12:12:38Z;-2713;;162
2024-05-26T12:13:00Z;-2691;;184
2024-05-26T12:13:02Z;-2713;;162
2024-05-26T12:13:12Z;-2692;;183
2024-05-26T12:13:14Z;-2714;;161
2024-05-26T12:13:50Z;-2694;;181
2024-05-26T12:13:51Z;-2694;;181
2024-05-26T12:14:00Z;-2693;;182
2024-05-26T12:14:01Z;-2693;;182
2024-05-26T12:14:07Z;-2714;;161
2024-05-26T12:14:10Z;-2716;;159
2024-05-26T12:14:18Z;-2698;;177
2024-05-26T12:14:19Z;-2696;;179
2024-05-26T12:14:27Z;-2718;;157
2024-05-26T12:14:30Z;-2711;;164
2024-05-26T12:14:38Z;-2699;;176
2024-05-26T12:14:40Z;-2720;;155
2024-05-26T12:14:58Z;-2698;;177
2024-05-26T12:15:00Z;-2715;;160
2024-05-26T12:15:03Z;;2795;80
2024-05-26T12:15:08Z;-2695;;100
2024-05-26T12:15:11Z;-2715;;80
2024-05-26T12:15:17Z;-2698;;97
2024-05-26T12:15:20Z;-2714;;81
2024-05-26T12:15:28Z;-2699;;96
2024-05-26T12:15:30Z;-2717;;78
2024-05-26T12:15:38Z;-2695;;100
2024-05-26T12:15:40Z;-2715;;80
2024-05-26T12:15:48Z;-2697;;98
2024-05-26T12:15:49Z;-2695;;100
2024-05-26T12:15:57Z;-2717;;78
2024-05-26T12:16:00Z;-2716;;79
2024-05-26T12:16:28Z;-2695;;100
2024-05-26T12:16:30Z;-2713;;82
2024-05-26T12:16:39Z;-2694;;101
2024-05-26T12:16:40Z;-2711;;84
2024-05-26T12:16:48Z;-2690;;105
2024-05-26T12:16:50Z;-2709;;86
2024-05-26T12:16:58Z;-2691;;104
2024-05-26T12:17:00Z;-2710;;85
2024-05-26T12:17:07Z;-2707;;88
2024-05-26T12:17:10Z;-2705;;90
2024-05-26T12:17:18Z;-2694;;101
2024-05-26T12:17:20Z;-2706;;89
2024-05-26T12:17:28Z;-2697;;98
2024-05-26T12:17:30Z;-2715;;80
2024-05-26T12:17:38Z;-2699;;96
2024-05-26T12:17:40Z;-2717;;78
2024-05-26T12:17:48Z;-2699;;96
2024-05-26T12:17:50Z;-2716;;79
2024-05-26T12:18:08Z;-2698;;97
2024-05-26T12:18:10Z;-2715;;80
2024-05-26T12:18:18Z;-2697;;98
2024-05-26T12:18:20Z;-2708;;87
2024-05-26T12:18:28Z;-2695;;100
2024-05-26T12:18:30Z;-2710;;85
2024-05-26T12:18:38Z;-2698;;97
2024-05-26T12:18:44Z;-2714;;81
2024-05-26T12:18:46Z;-2699;;96
2024-05-26T12:18:48Z;-2701;;94
2024-05-26T12:18:59Z;-2699;;96
2024-05-26T12:19:00Z;-2713;;82
2024-05-26T12:19:37Z;-2714;;81
2024-05-26T12:19:40Z;-2711;;84
2024-05-26T12:19:48Z;-2694;;101
2024-05-26T12:19:49Z;-2694;;101
2024-05-26T12:20:00Z;-2695;;100
2024-05-26T12:20:04Z;-2709;;86
2024-05-26T12:20:06Z;-2695;;100
2024-05-26T12:20:08Z;-2711;;84
2024-05-26T12:20:14Z;-2694;;101
2024-05-26T12:20:16Z;-2712;;83
2024-05-26T12:20:24Z;-2694;;101
2024-05-26T12:20:26Z;-2709;;86
2024-05-26T12:20:35Z;-2692;;103
2024-05-26T12:20:36Z;-2708;;87
2024-05-26T12:20:44Z;-2692;;103
2024-05-26T12:20:46Z;-2706;;89
2024-05-26T12:20:54Z;-2692;;103
2024-05-26T12:20:56Z;-2706;;89
2024-05-26T12:21:04Z;-2688;;107
2024-05-26T12:21:06Z;-2706;;89
2024-05-26T12:21:14Z;-2685;;110
2024-05-26T12:21:16Z;-2701;;94
2024-05-26T12:21:23Z;-2702;;93
2024-05-26T12:21:30Z;-2709;;86
2024-05-26T12:21:38Z;-2685;;110
2024-05-26T12:21:39Z;-2684;;111
2024-05-26T12:21:44Z;-2696;;99
2024-05-26T12:21:45Z;-2702;;93
2024-05-26T12:21:47Z;-2701;;94
2024-05-26T12:21:51Z;-2699;;96
2024-05-26T12:21:53Z;-2699;;96
2024-05-26T12:21:54Z;-2710;;85
2024-05-26T12:21:55Z;-2707;;88
2024-05-26T12:21:59Z;-2682;;113
2024-05-26T12:22:01Z;-2698;;97
2024-05-26T12:22:03Z;-2699;;96
2024-05-26T12:22:07Z;-2697;;98
2024-05-26T12:22:14Z;-2707;;88
2024-05-26T12:22:16Z;-2699;;96
2024-05-26T12:22:17Z;-2701;;94
2024-05-26T12:22:18Z;-2684;;111
2024-05-26T12:22:20Z;-2701;;94
2024-05-26T12:22:26Z;-2697;;98
2024-05-26T12:22:35Z;-2705;;90
2024-05-26T12:22:36Z;-2697;;98
2024-05-26T12:22:42Z;-2701;;94
2024-05-26T12:22:43Z;-2697;;98
2024-05-26T12:22:44Z;-2704;;91
2024-05-26T12:22:46Z;-2696;;99
2024-05-26T12:22:54Z;-2709;;86
2024-05-26T12:22:55Z;-2705;;90
2024-05-26T12:22:59Z;-2683;;112
2024-05-26T12:23:01Z;-2698;;97
2024-05-26T12:23:03Z;-2698;;97
2024-05-26T12:23:06Z;-2699;;96
2024-05-26T12:23:14Z;-2702;;93
2024-05-26T12:23:15Z;-2704;;91
2024-05-26T12:23:43Z;-2694;;101
2024-05-26T12:23:46Z;-2697;;98
2024-05-26T12:23:54Z;-2702;;93
2024-05-26T12:23:55Z;-2704;;91
2024-05-26T12:24:03Z;-2698;;97
2024-05-26T12:24:06Z;-2697;;98
2024-05-26T12:24:14Z;-2703;;92
2024-05-26T12:24:15Z;-2704;;91
2024-05-26T12:24:23Z;-2698;;97
2024-05-26T12:24:26Z;-2695;;100
2024-05-26T12:24:47Z;-2690;;105
2024-05-26T12:24:49Z;-2699;;96
2024-05-26T12:24:58Z;-2700;;95
2024-05-26T12:24:59Z;-2701;;94
2024-05-26T12:25:10Z;-2702;;93
2024-05-26T12:25:11Z;-2693;;102
2024-05-26T12:30:03Z;;2758;65
2024-05-26T12:30:08Z;-2658;;100
2024-05-26T12:36:44Z;;2696;38
2024-05-26T12:36:46Z;;2718;60
2024-05-26T12:36:54Z;;2697;39
2024-05-26T12:36:56Z;;2718;60
2024-05-26T12:37:18Z;;2692;34
2024-05-26T12:37:20Z;;2692;34
2024-05-26T12:37:40Z;;2688;30
2024-05-26T12:37:42Z;;2711;53
2024-05-26T12:37:52Z;;2690;32
2024-05-26T12:37:54Z;;2714;56
2024-05-26T12:38:06Z;;2692;34
2024-05-26T12:38:08Z;;2713;55
2024-05-26T12:38:16Z;;2690;32
2024-05-26T12:38:18Z;;2712;54
2024-05-26T12:39:00Z;;2688;30
2024-05-26T12:39:02Z;;2709;51
2024-05-26T12:39:08Z;;2683;25
2024-05-26T12:39:10Z;;2708;50
2024-05-26T12:39:12Z;;2698;40
2024-05-26T12:39:14Z;;2709;51
2024-05-26T12:39:18Z;;2690;32
2024-05-26T12:39:20Z;;2711;53
2024-05-26T12:39:28Z;;2689;31
2024-05-26T12:39:30Z;;2711;53
2024-05-26T12:39:38Z;;2689;31
2024-05-26T12:39:40Z;;2709;51
2024-05-26T12:39:48Z;;2690;32
2024-05-26T12:39:50Z;;2708;50
2024-05-26T12:39:58Z;;2689;31
2024-05-26T12:40:00Z;;2709;51
2024-05-26T12:40:10Z;;2690;32
2024-05-26T12:40:12Z;;2705;47
2024-05-26T12:40:18Z;;2693;35
2024-05-26T12:40:21Z;;2700;42
2024-05-26T12:40:28Z;;2693;35
2024-05-26T12:40:30Z;;2713;55
2024-05-26T12:40:38Z;;2694;36
2024-05-26T12:40:40Z;;2714;56
2024-05-26T12:40:48Z;;2696;38
2024-05-26T12:40:50Z;;2712;54
2024-05-26T12:40:58Z;;2689;31
2024-05-26T12:41:00Z;;2689;31
2024-05-26T12:41:08Z;;2689;31
2024-05-26T12:41:10Z;;2707;49
2024-05-26T12:41:18Z;;2686;28
2024-05-26T12:41:20Z;;2706;48
2024-05-26T12:41:28Z;;2682;24
2024-05-26T12:41:30Z;;2702;44
2024-05-26T12:41:33Z;;2696;38
2024-05-26T12:41:35Z;;2705;47
2024-05-26T12:41:38Z;;2683;25
2024-05-26T12:41:40Z;;2701;43
2024-05-26T12:41:48Z;;2682;24
2024-05-26T12:42:04Z;;2700;42
2024-05-26T12:42:06Z;;2699;41
2024-05-26T12:42:08Z;;2703;45
2024-05-26T12:42:10Z;;2699;41
2024-05-26T12:42:16Z;;2706;48
2024-05-26T12:42:18Z;;2697;39
2024-05-26T12:42:26Z;;2705;47
2024-05-26T12:42:28Z;;2704;46
2024-05-26T12:42:36Z;;2705;47
2024-05-26T12:42:38Z;;2693;35
2024-05-26T12:42:46Z;;2702;44
2024-05-26T12:42:48Z;;2690;32
2024-05-26T12:42:56Z;;2701;43
2024-05-26T12:42:58Z;;2689;31
2024-05-26T12:43:06Z;;2703;45
2024-05-26T12:43:08Z;;2692;34
2024-05-26T12:43:16Z;;2702;44
2024-05-26T12:43:18Z;;2692;34
2024-05-26T12:43:36Z;;2702;44
2024-05-26T12:43:38Z;;2692;34
2024-05-26T12:43:46Z;;2701;43
2024-05-26T12:43:48Z;;2687;29
2024-05-26T12:45:03Z;;2690;32
2024-05-26T12:45:08Z;-2569;;121
2024-05-26T12:58:09Z;-1856;;834
2024-05-26T12:58:10Z;-2377;;313
2024-05-26T12:58:12Z;-2401;;289
2024-05-26T12:58:15Z;-2398;;292
2024-05-26T13:00:03Z;;2589;191
2024-05-26T13:00:08Z;-2388;;201
2024-05-26T13:10:06Z;-2009;;580
2024-05-26T13:10:27Z;-2301;;288
2024-05-26T13:11:15Z;-1999;;590
2024-05-26T13:11:35Z;-2299;;290
2024-05-26T13:15:03Z;;2476;177
2024-05-26T13:15:08Z;-2274;;202
2024-05-26T13:20:33Z;;2399;125
2024-05-26T13:20:35Z;;2417;143
2024-05-26T13:22:30Z;;2399;125
2024-05-26T13:22:32Z;;2399;125
2024-05-26T13:22:40Z;;2397;123
2024-05-26T13:22:42Z;;2414;140
2024-05-26T13:22:50Z;;2399;125
2024-05-26T13:22:52Z;;2412;138
2024-05-26T13:23:00Z;;2392;118
2024-05-26T13:23:02Z;;2410;136
2024-05-26T13:23:09Z;;2383;109
2024-05-26T13:23:11Z;;2409;135
2024-05-26T13:23:24Z;;2388;114
2024-05-26T13:23:26Z;;2411;137
2024-05-26T13:23:32Z;;2392;118
2024-05-26T13:23:34Z;;2409;135
2024-05-26T13:23:42Z;;2389;115
2024-05-26T13:23:44Z;;2406;132
2024-05-26T13:23:51Z;;2406;132
2024-05-26T13:23:53Z;;2385;111
2024-05-26T13:24:02Z;;2385;111
2024-05-26T13:24:07Z;;2402;128
2024-05-26T13:24:16Z;;2381;107
2024-05-26T13:24:19Z;;2400;126
2024-05-26T13:24:24Z;;2399;125
2024-05-26T13:24:26Z;;2400;126
2024-05-26T13:24:27Z;;2379;105
2024-05-26T13:24:32Z;;2401;127
2024-05-26T13:24:34Z;;2387;113
2024-05-26T13:24:42Z;;2403;129
2024-05-26T13:24:44Z;;2394;120
2024-05-26T13:24:52Z;;2401;127
2024-05-26T13:24:54Z;;2400;126
2024-05-26T13:25:02Z;;2404;130
2024-05-26T13:25:04Z;;2392;118
2024-05-26T13:25:12Z;;2400;126
2024-05-26T13:25:14Z;;2389;115
2024-05-26T13:30:03Z;;2361;87
2024-05-26T13:30:08Z;-2269;;92
2024-05-26T13:45:03Z;;2222;-47
2024-05-26T13:45:08Z;-2151;;71
2024-05-26T13:49:33Z;-2111;;111
2024-05-26T13:49:35Z;-2096;;126
2024-05-26T13:49:43Z;-2107;;115
2024-05-26T13:49:45Z;-2094;;128
2024-05-26T13:49:54Z;-2092;;130
2024-05-26T13:49:55Z;-2092;;130
2024-05-26T13:50:06Z;-2090;;132
2024-05-26T13:50:07Z;-2106;;116
2024-05-26T13:50:24Z;-2093;;129
2024-05-26T13:50:26Z;-2106;;116
2024-05-26T13:50:33Z;-2104;;118
2024-05-26T13:50:36Z;-2104;;118
2024-05-26T13:50:43Z;-2103;;119
2024-05-26T13:50:45Z;-2089;;133
2024-05-26T13:50:53Z;-2104;;118
2024-05-26T13:50:57Z;-2096;;126
2024-05-26T13:51:01Z;-2107;;115
2024-05-26T13:51:02Z;-2099;;123
2024-05-26T13:51:04Z;-2088;;134
2024-05-26T13:51:05Z;-2089;;133
2024-05-26T13:51:16Z;-2089;;133
2024-05-26T13:51:17Z;-2101;;121
2024-05-26T13:51:24Z;-2093;;129
2024-05-26T13:51:26Z;-2102;;120
2024-05-26T13:51:34Z;-2089;;133
2024-05-26T13:51:36Z;-2101;;121
2024-05-26T13:51:45Z;-2089;;133
2024-05-26T13:51:48Z;-2101;;121
2024-05-26T13:51:52Z;-2095;;127
2024-05-26T13:52:00Z;-2103;;119
2024-05-26T13:52:02Z;-2098;;124
2024-05-26T13:52:28Z;-2094;;128
2024-05-26T13:52:29Z;-2104;;118
2024-05-26T13:52:49Z;-2091;;131
2024-05-26T13:52:50Z;-2110;;112
2024-05-26T13:58:40Z;;2099;-11
2024-05-26T13:58:42Z;;2100;-10
2024-05-26T13:58:50Z;;2099;-11
2024-05-26T13:58:52Z;;2111;1
2024-05-26T13:59:04Z;;2098;-12
2024-05-26T13:59:06Z;;2109;-1
2024-05-26T13:59:14Z;;2095;-15
2024-05-26T13:59:16Z;;2108;-2
2024-05-26T13:59:25Z;;2094;-16
2024-05-26T13:59:26Z;;2094;-16
2024-05-26T13:59:34Z;;2092;-18
2024-05-26T13:59:36Z;;2109;-1
2024-05-26T13:59:44Z;;2090;-20
2024-05-26T13:59:46Z;;2102;-8
2024-05-26T13:59:54Z;;2090;-20
2024-05-26T13:59:56Z;;2102;-8
2024-05-26T14:00:02Z;;2099;-11
2024-05-26T14:00:05Z;;2101;-9
2024-05-26T14:00:10Z;-2027;2103;76
2024-05-26T14:00:12Z;;2097;70
2024-05-26T14:00:30Z;;2104;77
2024-05-26T14:00:32Z;;2092;65
2024-05-26T14:04:49Z;-1983;;109
2024-05-26T14:04:51Z;-1852;;240
2024-05-26T14:10:30Z;-1799;;293
2024-05-26T14:10:32Z;-1813;;279
2024-05-26T14:10:40Z;-1798;;294
2024-05-26T14:10:42Z;-1814;;278
2024-05-26T14:10:50Z;-1795;;297
2024-05-26T14:10:52Z;-1809;;283
2024-05-26T14:11:00Z;-1792;;300
2024-05-26T14:11:06Z;-1804;;288
2024-05-26T14:11:08Z;-1792;;300
2024-05-26T14:11:10Z;-1806;;286
2024-05-26T14:11:16Z;-1790;;302
2024-05-26T14:11:18Z;-1803;;289
2024-05-26T14:11:26Z;-1789;;303
2024-05-26T14:11:28Z;-1800;;292
2024-05-26T14:11:34Z;-1799;;293
2024-05-26T14:11:38Z;-1799;;293
2024-05-26T14:11:40Z;-1798;;294
2024-05-26T14:11:42Z;-1807;;285
2024-05-26T14:11:44Z;-1797;;295
2024-05-26T14:11:52Z;-1805;;287
2024-05-26T14:11:54Z;-1797;;295
2024-05-26T14:12:12Z;-1805;;287
2024-05-26T14:12:14Z;-1796;;296
2024-05-26T14:12:22Z;-1802;;290
2024-05-26T14:12:24Z;-1799;;293
2024-05-26T14:12:32Z;-1803;;289
2024-05-26T14:12:34Z;-1795;;297
2024-05-26T14:15:03Z;;1955;160
2024-05-26T14:15:08Z;-1775;;180
2024-05-26T14:21:00Z;-1838;;117
2024-05-26T14:22:35Z;-1817;;138
2024-05-26T14:22:37Z;-1798;;157
2024-05-26T14:22:45Z;-1815;;140
2024-05-26T14:22:47Z;-1797;;158
2024-05-26T14:23:04Z;-1796;;159
2024-05-26T14:23:06Z;-1813;;142
2024-05-26T14:23:26Z;-1788;;167
2024-05-26T14:23:28Z;-1807;;148
2024-05-26T14:23:38Z;-1791;;164
2024-05-26T14:23:40Z;-1807;;148
2024-05-26T14:23:49Z;-1787;;168
2024-05-26T14:23:50Z;-1804;;151
2024-05-26T14:24:28Z;-1800;;155
2024-05-26T14:24:30Z;-1807;;148
2024-05-26T14:24:38Z;-1795;;160
2024-05-26T14:24:40Z;-1804;;151
2024-05-26T14:24:44Z;-1796;;159
2024-05-26T14:24:50Z;-1802;;153
2024-05-26T14:24:52Z;-1791;;164
2024-05-26T14:24:54Z;-1802;;153
2024-05-26T14:24:58Z;-1797;;158
2024-05-26T14:24:59Z;-1800;;155
2024-05-26T14:25:00Z;-1792;;163
2024-05-26T14:25:04Z;-1800;;155
2024-05-26T14:25:06Z;-1791;;164
2024-05-26T14:26:03Z;;1759;-32
2024-05-26T14:26:05Z;;1847;56
2024-05-26T14:27:16Z;;1786;-5
2024-05-26T14:27:18Z;;1841;50
2024-05-26T14:29:06Z;;1799;8
2024-05-26T14:29:08Z;;1818;27
2024-05-26T14:30:03Z;;1829;38
2024-05-26T14:30:08Z;-1760;;69
2024-05-26T14:30:17Z;;1798;38
2024-05-26T14:30:19Z;;1813;53
2024-05-26T14:30:27Z;;1795;35
2024-05-26T14:30:29Z;;1811;51
2024-05-26T14:30:37Z;;1794;34
2024-05-26T14:30:39Z;;1809;49
2024-05-26T14:30:47Z;;1794;34
2024-05-26T14:30:49Z;;1808;48
2024-05-26T14:30:57Z;;1793;33
2024-05-26T14:30:59Z;;1809;49
2024-05-26T14:31:07Z;;1791;31
2024-05-26T14:31:09Z;;1807;47
2024-05-26T14:31:17Z;;1791;31
2024-05-26T14:31:19Z;;1785;25
2024-05-26T14:31:27Z;;1789;29
2024-05-26T14:31:29Z;;1788;28
2024-05-26T14:31:37Z;;1787;27
2024-05-26T14:31:39Z;;1802;42
2024-05-26T14:31:44Z;;1806;46
2024-05-26T14:31:47Z;;1806;46
2024-05-26T14:31:55Z;;1786;26
2024-05-26T14:31:57Z;;1802;42
2024-05-26T14:32:01Z;;1798;38
2024-05-26T14:32:09Z;;1803;43
2024-05-26T14:32:11Z;;1795;35
2024-05-26T14:32:20Z;;1804;44
2024-05-26T14:32:22Z;;1796;36
2024-05-26T14:32:29Z;;1804;44
2024-05-26T14:32:31Z;;1797;37
2024-05-26T14:32:39Z;;1804;44
2024-05-26T14:32:41Z;;1795;35
2024-05-26T14:32:49Z;;1803;43
2024-05-26T14:32:51Z;;1794;34
2024-05-26T14:36:14Z;-1033;;761
2024-05-26T14:36:15Z;-1664;;130
2024-05-26T14:45:03Z;;1665;1
2024-05-26T14:45:08Z;-1602;;63
2024-05-26T14:46:25Z;-1572;;93
2024-05-26T14:46:27Z;-1638;;27
2024-05-26T14:54:18Z;-1499;;166
2024-05-26T14:54:19Z;-1494;;171
2024-05-26T14:54:28Z;-1499;;166
2024-05-26T14:54:29Z;-1505;;160
2024-05-26T14:54:35Z;-1505;;160
2024-05-26T14:54:38Z;-1505;;160
2024-05-26T14:54:45Z;-1506;;159
2024-05-26T14:54:47Z;-1491;;174
2024-05-26T14:54:55Z;-1504;;161
2024-05-26T14:54:58Z;-1501;;164
2024-05-26T14:55:06Z;-1489;;176
2024-05-26T14:55:09Z;-1503;;162
2024-05-26T14:55:16Z;-1495;;170
2024-05-26T14:55:18Z;-1503;;162
2024-05-26T14:55:26Z;-1495;;170
2024-05-26T14:55:28Z;-1501;;164
2024-05-26T14:55:35Z;-1500;;165
2024-05-26T14:55:42Z;-1504;;161
2024-05-26T14:55:44Z;-1498;;167
2024-05-26T14:55:52Z;-1497;;168
2024-05-26T14:55:53Z;-1503;;162
2024-05-26T14:56:01Z;-1496;;169
2024-05-26T14:56:04Z;-1498;;167
2024-05-26T14:56:11Z;-1492;;173
2024-05-26T14:56:13Z;-1498;;167
2024-05-26T14:56:43Z;-1471;;194
2024-05-26T14:56:45Z;-1537;;128
2024-05-26T14:59:22Z;;1511;-26
2024-05-26T14:59:25Z;;1513;-24
2024-05-26T14:59:53Z;;1499;-38
2024-05-26T14:59:55Z;;1512;-25
2024-05-26T15:00:03Z;;1497;-40
2024-05-26T15:00:06Z;;1511;-26
2024-05-26T15:00:07Z;;1510;-27
2024-05-26T15:00:08Z;-1441;;69
2024-05-26T15:00:13Z;;1493;52
2024-05-26T15:00:15Z;;1506;65
2024-05-26T15:00:23Z;;1494;53
2024-05-26T15:00:25Z;;1508;67
2024-05-26T15:00:34Z;;1494;53
2024-05-26T15:00:37Z;;1502;61
2024-05-26T15:00:39Z;;1499;58
2024-05-26T15:00:41Z;;1509;68
2024-05-26T15:00:45Z;;1489;48
2024-05-26T15:00:47Z;;1489;48
2024-05-26T15:00:49Z;;1499;58
2024-05-26T15:00:51Z;;1502;61
2024-05-26T15:00:53Z;;1505;64
2024-05-26T15:01:00Z;;1497;56
2024-05-26T15:01:03Z;;1497;56
2024-05-26T15:01:11Z;;1500;59
2024-05-26T15:01:13Z;;1495;54
2024-05-26T15:01:31Z;;1500;59
2024-05-26T15:01:35Z;;1499;58
2024-05-26T15:01:37Z;;1500;59
2024-05-26T15:01:39Z;;1488;47
2024-05-26T15:01:43Z;;1504;63
2024-05-26T15:01:45Z;;1496;55
2024-05-26T15:01:53Z;;1500;59
2024-05-26T15:01:55Z;;1498;57
2024-05-26T15:02:01Z;;446;-995
2024-05-26T15:02:03Z;-1071;1491;50
2024-05-26T15:02:04Z;-1438;;53
2024-05-26T15:06:54Z;-771;;720
2024-05-26T15:06:55Z;-1495;;-4
2024-05-26T15:12:33Z;-1194;;297
2024-05-26T15:12:34Z;-1177;;314
2024-05-26T15:12:43Z;-1193;;298
2024-05-26T15:12:44Z;-1191;;300
2024-05-26T15:12:50Z;-1199;;292
2024-05-26T15:12:56Z;-1199;;292
2024-05-26T15:12:59Z;-1197;;294
2024-05-26T15:13:06Z;-1197;;294
2024-05-26T15:13:08Z;-1201;;290
2024-05-26T15:13:17Z;-1200;;291
2024-05-26T15:13:18Z;-1201;;290
2024-05-26T15:15:03Z;;1344;143
2024-05-26T15:15:08Z;-1165;;179
2024-05-26T15:16:59Z;-442;;902
2024-05-26T15:17:00Z;-1145;;199
2024-05-26T15:17:05Z;-833;;511
2024-05-26T15:17:06Z;-1130;;214
2024-05-26T15:17:08Z;-840;;504
2024-05-26T15:17:09Z;-1203;;141
2024-05-26T15:20:10Z;-1110;;234
2024-05-26T15:20:12Z;-853;;491
2024-05-26T15:20:30Z;-899;;445
2024-05-26T15:20:31Z;-899;;445
2024-05-26T15:21:12Z;-836;;508
2024-05-26T15:21:21Z;-889;;455
2024-05-26T15:21:23Z;-892;;452
2024-05-26T15:21:30Z;-900;;444
2024-05-26T15:21:31Z;-899;;445
2024-05-26T15:21:32Z;-944;;400
2024-05-26T15:26:57Z;;1199;255
2024-05-26T15:26:59Z;;1212;268
2024-05-26T15:27:08Z;;1197;253
2024-05-26T15:27:17Z;;1200;256
2024-05-26T15:27:19Z;;1193;249
2024-05-26T15:27:21Z;;1203;259
2024-05-26T15:27:23Z;;1197;253
2024-05-26T15:27:25Z;;1203;259
2024-05-26T15:27:27Z;;1191;247
2024-05-26T15:27:29Z;;1200;256
2024-05-26T15:27:31Z;;1185;241
2024-05-26T15:27:32Z;-1148;;37
2024-05-26T15:27:33Z;-774;;411
2024-05-26T15:30:03Z;;1169;395
2024-05-26T15:30:08Z;-1120;;49
2024-05-26T15:32:12Z;;537;-583
2024-05-26T15:32:14Z;;1082;-38
2024-05-26T15:32:53Z;;782;-338
2024-05-26T15:32:55Z;;1109;-11
2024-05-26T15:33:11Z;-935;;174
2024-05-26T15:33:14Z;;879;-56
2024-05-26T15:33:15Z;-877;;2
2024-05-26T15:33:16Z;;911;34
2024-05-26T15:37:40Z;-1016;;-105
2024-05-26T15:37:41Z;-371;;540
2024-05-26T15:42:22Z;-880;;31
2024-05-26T15:42:23Z;;894;14
2024-05-26T15:42:31Z;-599;;295
2024-05-26T15:42:35Z;-593;;301
2024-05-26T15:42:44Z;;911;318
2024-05-26T15:42:47Z;-873;;38
2024-05-26T15:45:03Z;;993;120
2024-05-26T15:45:08Z;-952;;41
2024-05-26T15:45:54Z;-925;;68
2024-05-26T15:45:56Z;-919;;74
2024-05-26T15:46:08Z;-895;;98
2024-05-26T15:46:09Z;-885;754;-141
2024-05-26T15:46:12Z;;960;75
2024-05-26T15:46:35Z;-910;;50
2024-05-26T15:46:36Z;-899;;61
2024-05-26T15:47:14Z;-921;;39
2024-05-26T15:47:15Z;-684;;276
2024-05-26T15:47:43Z;-893;;67
2024-05-26T15:47:45Z;-901;;59
2024-05-26T15:47:51Z;-897;;63
2024-05-26T15:47:53Z;;771;-126
2024-05-26T15:47:55Z;;946;49
2024-05-26T15:48:00Z;-901;;45
2024-05-26T15:48:03Z;-894;;52
2024-05-26T15:48:04Z;-893;;53
2024-05-26T15:48:10Z;-901;;45
2024-05-26T15:48:12Z;-889;;57
2024-05-26T15:48:14Z;-901;;45
2024-05-26T15:48:15Z;;501;-400
2024-05-26T15:48:17Z;;938;37
2024-05-26T15:48:20Z;-897;;41
2024-05-26T15:48:24Z;-900;;38
2024-05-26T15:48:31Z;-906;;32
2024-05-26T15:48:33Z;-899;;39
2024-05-26T15:48:35Z;-905;;33
2024-05-26T15:48:41Z;-896;;42
2024-05-26T15:48:43Z;-900;;38
2024-05-26T15:48:45Z;-899;;39
2024-05-26T15:48:48Z;-900;;38
2024-05-26T15:48:49Z;-897;;41
2024-05-26T15:48:50Z;-901;;37
2024-05-26T15:48:52Z;-893;;45
2024-05-26T15:48:56Z;-900;;38
2024-05-26T15:48:57Z;-899;;39
2024-05-26T15:48:58Z;-901;;37
2024-05-26T15:48:59Z;-899;;39
2024-05-26T15:49:00Z;-901;;37
2024-05-26T15:49:02Z;-889;;49
2024-05-26T15:49:06Z;-901;;37
2024-05-26T15:49:10Z;-901;;37
2024-05-26T15:49:16Z;-894;;44
2024-05-26T15:49:18Z;-903;;35
2024-05-26T15:49:20Z;-889;;49
2024-05-26T15:49:22Z;-898;;40
2024-05-26T15:49:27Z;-898;;40
2024-05-26T15:49:28Z;-900;;38
2024-05-26T15:51:19Z;;891;-9
2024-05-26T15:51:23Z;;906;6
2024-05-26T15:51:34Z;;893;-7
2024-05-26T15:51:36Z;;901;1
2024-05-26T15:51:53Z;;898;-2
2024-05-26T15:51:55Z;;904;4
2024-05-26T15:51:56Z;;894;-6
2024-05-26T15:52:00Z;;903;3
2024-05-26T15:52:02Z;;892;-8
2024-05-26T15:58:25Z;;989;89
2024-05-26T15:58:27Z;;813;-87
2024-05-26T16:00:03Z;;795;-105
2024-05-26T16:00:08Z;-745;;50
2024-05-26T16:08:35Z;-591;;204
2024-05-26T16:09:00Z;;332;-259
2024-05-26T16:09:02Z;;675;84
2024-05-26T16:12:01Z;-605;;70
2024-05-26T16:12:03Z;-594;;81
2024-05-26T16:12:16Z;-598;;77
2024-05-26T16:12:17Z;-601;;74
2024-05-26T16:12:49Z;-596;;79
2024-05-26T16:12:52Z;-601;;74
2024-05-26T16:12:54Z;-596;;79
2024-05-26T16:12:56Z;-602;;73
2024-05-26T16:12:58Z;-597;;78
2024-05-26T16:12:59Z;-603;;72
2024-05-26T16:13:01Z;-598;;77
2024-05-26T16:13:07Z;-596;;79
2024-05-26T16:13:10Z;-596;;79
2024-05-26T16:13:11Z;-596;;79
2024-05-26T16:13:13Z;-601;;74
2024-05-26T16:15:03Z;;617;16
2024-05-26T16:15:06Z;;596;-5
2024-05-26T16:15:08Z;;608;7
2024-05-26T16:15:10Z;-559;;49
2024-05-26T16:15:31Z;;587;28
2024-05-26T16:15:33Z;;612;53
2024-05-26T16:15:35Z;;593;34
2024-05-26T16:15:37Z;;609;50
2024-05-26T16:15:39Z;;599;40
2024-05-26T16:15:41Z;;612;53
2024-05-26T16:15:58Z;;596;37
2024-05-26T16:16:00Z;;602;43
2024-05-26T16:16:09Z;;599;40
2024-05-26T16:19:08Z;;802;243
2024-05-26T16:19:10Z;;553;-6
2024-05-26T16:26:59Z;-328;;225
2024-05-26T16:27:00Z;-253;;300
2024-05-26T16:29:07Z;-299;;254
2024-05-26T16:29:09Z;-305;;248
2024-05-26T16:29:11Z;-177;;376
2024-05-26T16:29:13Z;-306;;247
2024-05-26T16:29:21Z;-297;;256
2024-05-26T16:29:23Z;-304;;249
2024-05-26T16:29:36Z;-309;;244
2024-05-26T16:29:38Z;-300;;253
2024-05-26T16:29:46Z;-306;;247
2024-05-26T16:29:49Z;-303;;250
2024-05-26T16:29:52Z;-303;;250
2024-05-26T16:29:58Z;-297;;256
2024-05-26T16:30:01Z;-298;;255
2024-05-26T16:30:03Z;;447;149
2024-05-26T16:30:08Z;-297;;150
2024-05-26T16:30:11Z;-289;;158
2024-05-26T16:30:12Z;-304;;143
2024-05-26T16:30:13Z;-296;;151
2024-05-26T16:30:17Z;-299;;148
2024-05-26T16:30:24Z;-293;;154
2024-05-26T16:30:26Z;-301;;146
2024-05-26T16:30:45Z;-303;;144
2024-05-26T16:30:46Z;-300;;147
2024-05-26T16:30:50Z;-296;;151
2024-05-26T16:30:52Z;-304;;143
2024-05-26T16:31:00Z;-297;;150
2024-05-26T16:31:01Z;-301;;146
2024-05-26T16:31:09Z;-300;;147
2024-05-26T16:31:10Z;-298;;149
2024-05-26T16:32:08Z;-291;;156
2024-05-26T16:33:24Z;;294;3
2024-05-26T16:33:26Z;;425;134
2024-05-26T16:39:15Z;;190;-101
2024-05-26T16:39:17Z;;348;57
2024-05-26T16:39:26Z;-310;;38
2024-05-26T16:39:28Z;-302;;46
2024-05-26T16:41:01Z;-302;;46
2024-05-26T16:41:04Z;-288;;60
2024-05-26T16:41:16Z;-298;;50
2024-05-26T16:41:19Z;-305;;43
2024-05-26T16:41:26Z;-297;;51
2024-05-26T16:41:28Z;-301;;47
2024-05-26T16:41:30Z;-290;;58
2024-05-26T16:41:58Z;;271;-19
2024-05-26T16:42:00Z;;331;41
2024-05-26T16:42:55Z;;299;9
2024-05-26T16:42:58Z;;322;32
2024-05-26T16:43:29Z;-296;;26
2024-05-26T16:43:30Z;-301;;21
2024-05-26T16:43:33Z;-295;;27
2024-05-26T16:43:37Z;-303;;19
2024-05-26T16:43:41Z;-295;;27
2024-05-26T16:43:45Z;-300;;22
2024-05-26T16:43:49Z;-299;;23
2024-05-26T16:43:51Z;-298;;24
2024-05-26T16:44:03Z;-296;;26
2024-05-26T16:44:04Z;-301;;21
2024-05-26T16:45:03Z;;312;11
2024-05-26T16:45:08Z;-273;;39
2024-05-26T16:45:13Z;;295;22
2024-05-26T16:45:15Z;;301;28
2024-05-26T16:45:43Z;;292;19
2024-05-26T16:45:47Z;;306;33
2024-05-26T16:45:49Z;;297;24
2024-05-26T16:45:51Z;;303;30
2024-05-26T16:46:17Z;;298;25
2024-05-26T16:46:19Z;;302;29
2024-05-26T16:46:21Z;;297;24
2024-05-26T16:46:39Z;;304;31
2024-05-26T16:46:41Z;;298;25
2024-05-26T16:46:43Z;;305;32
2024-05-26T16:46:45Z;;299;26
2024-05-26T16:49:30Z;178;;477
2024-05-26T16:59:46Z;-395;;-96
2024-05-26T16:59:47Z;-128;;171
2024-05-26T17:00:03Z;;175;47
2024-05-26T17:00:08Z;-138;;37
2024-05-26T17:10:05Z;196;;371
2024-05-26T17:15:03Z;;140;336
2024-05-26T17:15:08Z;-101;;39
2024-05-26T17:30:03Z;;87;-14
2024-05-26T17:30:10Z;62;;149
2024-05-26T17:30:44Z;567;;654
2024-05-26T17:30:46Z;76;;163
2024-05-26T17:38:05Z;76;;163
2024-05-26T17:40:48Z;;0;76
2024-05-26T17:40:49Z;-4;;-4
2024-05-26T17:40:50Z;-348;;-348
2024-05-26T17:40:51Z;;49;-299
2024-05-26T17:40:52Z;;0;-348
2024-05-26T17:40:54Z;;55;-293
2024-05-26T17:45:03Z;;50;-298
2024-05-26T17:45:08Z;-14;;36
2024-05-26T17:50:58Z;2;;52
2024-05-26T17:50:59Z;-2;;48
2024-05-26T17:51:17Z;0;;50
2024-05-26T17:51:22Z;0;;50
2024-05-26T17:54:15Z;0;;50
2024-05-26T17:54:22Z;0;;50
2024-05-26T17:54:32Z;0;;50
2024-05-26T17:54:34Z;0;;50
2024-05-26T17:54:40Z;0;;50
2024-05-26T17:54:42Z;1;;51
2024-05-26T17:54:43Z;0;;50
2024-05-26T17:54:50Z;-1;;49
2024-05-26T17:55:30Z;1;;51
2024-05-26T17:55:31Z;0;;50
2024-05-26T17:55:38Z;1;;51
2024-05-26T17:55:39Z;0;;50
2024-05-26T17:55:42Z;1;;51
2024-05-26T17:55:43Z;0;;50
2024-05-26T17:55:50Z;1;;51
2024-05-26T17:55:51Z;0;;50
2024-05-26T17:55:53Z;1;;51
2024-05-26T17:55:55Z;0;;50
2024-05-26T17:55:56Z;1;;51
2024-05-26T17:55:59Z;0;;50
2024-05-26T17:56:00Z;1;;51
2024-05-26T17:56:02Z;0;;50
2024-05-26T17:56:04Z;1;;51
2024-05-26T17:56:05Z;0;;50
2024-05-26T17:56:07Z;1;;51
2024-05-26T17:56:18Z;0;;50
2024-05-26T17:56:19Z;1;;51
2024-05-26T18:00:03Z;;31;32
2024-05-26T18:00:08Z;5;;36
2024-05-26T18:01:07Z;;0;5
2024-05-26T18:01:08Z;-403;;-372
2024-05-26T18:01:10Z;6;;6
2024-05-26T18:01:11Z;;18;24
2024-05-26T18:01:13Z;;0;6
2024-05-26T18:01:15Z;;29;35
2024-05-26T18:15:03Z;;13;19
2024-05-26T18:15:08Z;22;;35
2024-05-26T18:20:58Z;;0;22
2024-05-26T18:21:00Z;;4;26
2024-05-26T18:22:03Z;;2;24
2024-05-26T18:22:05Z;43;;45
2024-05-26T18:22:07Z;33;1;44
2024-05-26T18:22:21Z;;0;33
2024-05-26T18:22:23Z;;1;34
2024-05-26T18:22:25Z;;0;33
2024-05-26T18:22:41Z;;1;34
2024-05-26T18:22:43Z;;0;33
2024-05-26T18:28:51Z;1480;;1480
2024-05-26T18:28:52Z;186;;186
2024-05-26T18:30:03Z;;0;186
2024-05-26T18:30:08Z;160;;160
2024-05-26T18:32:32Z;;426;586
2024-05-26T18:32:34Z;;0;160
2024-05-26T18:45:03Z;;0;160
2024-05-26T18:45:08Z;155;;155
2024-05-26T19:00:03Z;;0;155
2024-05-26T19:00:08Z;40;;40
2024-05-26T19:15:03Z;;0;40
2024-05-26T19:15:08Z;40;;40
2024-05-26T19:30:03Z;;0;40
2024-05-26T19:30:08Z;41;;41
2024-05-26T19:45:03Z;;0;41
2024-05-26T19:45:08Z;153;;153
2024-05-26T20:00:03Z;;0;153
2024-05-26T20:00:08Z;41;;41
2024-05-26T20:15:03Z;;0;41
2024-05-26T20:15:08Z;41;;41
2024-05-26T20:30:03Z;;0;41
2024-05-26T20:30:08Z;41;;41
2024-05-26T20:40:20Z;1375;;1375
2024-05-26T20:40:22Z;176;;176
2024-05-26T20:45:03Z;;0;176
2024-05-26T20:45:08Z;154;;154
2024-05-26T21:00:03Z;;0;154
2024-05-26T21:00:08Z;40;;40
2024-05-26T21:15:03Z;;0;40
2024-05-26T21:15:10Z;41;;41
2024-05-26T21:30:03Z;;0;41
2024-05-26T21:30:08Z;40;;40
2024-05-26T21:45:03Z;;0;40
2024-05-26T21:45:08Z;40;;40
2024-05-26T21:47:01Z;1267;;1267
2024-05-26T21:47:02Z;176;;176
2024-05-26T22:00:03Z;;0;176
2024-05-26T22:00:08Z;153;;153
2024-05-26T22:15:03Z;;0;153
2024-05-26T22:15:08Z;42;;42
2024-05-26T22:30:03Z;;0;42
2024-05-26T22:30:10Z;40;;40
2024-05-26T22:45:03Z;;0;40
2024-05-26T22:45:08Z;40;;40
2024-05-26T22:53:01Z;953;;953
2024-05-26T22:53:02Z;174;;174
2024-05-26T23:00:03Z;;0;174
2024-05-26T23:00:08Z;154;;154
2024-05-26T23:15:03Z;;0;154
2024-05-26T23:15:08Z;40;;40
2024-05-26T23:30:03Z;;0;40
2024-05-26T23:30:08Z;40;;40
2024-05-26T23:43:31Z;301;;301
2024-05-26T23:43:32Z;241;;241
2024-05-26T23:45:03Z;;0;241
2024-05-26T23:45:08Z;45;;45
2024-05-26T23:46:05Z;314;;314
2024-05-26T23:46:07Z;255;;255